Sample in Buffer,Sample in Window,TRIGGER,xgmii_rxd[63:0],xgmii_rxc[7:0]
0,0,0,0707070707070707,ff
1,1,0,0707070707070707,ff
2,2,0,0707070707070707,ff
3,3,0,0707070707070707,ff
4,4,0,0707070707070707,ff
5,5,0,0707070707070707,ff
6,6,0,0707070707070707,ff
7,7,0,0707070707070707,ff
8,8,0,0707070707070707,ff
9,9,0,0707070707070707,ff
10,10,0,0707070707070707,ff
11,11,0,0707070707070707,ff
12,12,0,0707070707070707,ff
13,13,0,0707070707070707,ff
14,14,0,0707070707070707,ff
15,15,0,0707070707070707,ff
16,16,0,0707070707070707,ff
17,17,0,0707070707070707,ff
18,18,0,0707070707070707,ff
19,19,0,0707070707070707,ff
20,20,0,0707070707070707,ff
21,21,0,0707070707070707,ff
22,22,0,0707070707070707,ff
23,23,0,0707070707070707,ff
24,24,0,0707070707070707,ff
25,25,0,0707070707070707,ff
26,26,0,0707070707070707,ff
27,27,0,0707070707070707,ff
28,28,0,0707070707070707,ff
29,29,0,0707070707070707,ff
30,30,0,0707070707070707,ff
31,31,0,0707070707070707,ff
32,32,0,0707070707070707,ff
33,33,0,0707070707070707,ff
34,34,0,0707070707070707,ff
35,35,0,0707070707070707,ff
36,36,0,0707070707070707,ff
37,37,0,0707070707070707,ff
38,38,0,0707070707070707,ff
39,39,0,0707070707070707,ff
40,40,0,0707070707070707,ff
41,41,0,0707070707070707,ff
42,42,0,0707070707070707,ff
43,43,0,0707070707070707,ff
44,44,0,0707070707070707,ff
45,45,0,0707070707070707,ff
46,46,0,0707070707070707,ff
47,47,0,0707070707070707,ff
48,48,0,0707070707070707,ff
49,49,0,0707070707070707,ff
50,50,0,0707070707070707,ff
51,51,0,0707070707070707,ff
52,52,0,0707070707070707,ff
53,53,0,0707070707070707,ff
54,54,0,0707070707070707,ff
55,55,0,0707070707070707,ff
56,56,0,0707070707070707,ff
57,57,0,0707070707070707,ff
58,58,0,0707070707070707,ff
59,59,0,0707070707070707,ff
60,60,0,0707070707070707,ff
61,61,0,0707070707070707,ff
62,62,0,0707070707070707,ff
63,63,0,0707070707070707,ff
64,64,0,0707070707070707,ff
65,65,0,0707070707070707,ff
66,66,0,0707070707070707,ff
67,67,0,0707070707070707,ff
68,68,0,0707070707070707,ff
69,69,0,0707070707070707,ff
70,70,0,0707070707070707,ff
71,71,0,0707070707070707,ff
72,72,0,0707070707070707,ff
73,73,0,0707070707070707,ff
74,74,0,0707070707070707,ff
75,75,0,0707070707070707,ff
76,76,0,0707070707070707,ff
77,77,0,0707070707070707,ff
78,78,0,0707070707070707,ff
79,79,0,0707070707070707,ff
80,80,0,0707070707070707,ff
81,81,0,0707070707070707,ff
82,82,0,0707070707070707,ff
83,83,0,0707070707070707,ff
84,84,0,0707070707070707,ff
85,85,0,0707070707070707,ff
86,86,0,0707070707070707,ff
87,87,0,0707070707070707,ff
88,88,0,0707070707070707,ff
89,89,0,0707070707070707,ff
90,90,0,0707070707070707,ff
91,91,0,0707070707070707,ff
92,92,0,0707070707070707,ff
93,93,0,0707070707070707,ff
94,94,0,0707070707070707,ff
95,95,0,0707070707070707,ff
96,96,0,0707070707070707,ff
97,97,0,0707070707070707,ff
98,98,0,0707070707070707,ff
99,99,0,0707070707070707,ff
100,100,0,0707070707070707,ff
101,101,0,0707070707070707,ff
102,102,0,0707070707070707,ff
103,103,0,0707070707070707,ff
104,104,0,0707070707070707,ff
105,105,0,0707070707070707,ff
106,106,0,0707070707070707,ff
107,107,0,0707070707070707,ff
108,108,0,0707070707070707,ff
109,109,0,0707070707070707,ff
110,110,0,0707070707070707,ff
111,111,0,0707070707070707,ff
112,112,0,0707070707070707,ff
113,113,0,0707070707070707,ff
114,114,0,0707070707070707,ff
115,115,0,0707070707070707,ff
116,116,0,0707070707070707,ff
117,117,0,0707070707070707,ff
118,118,0,0707070707070707,ff
119,119,0,0707070707070707,ff
120,120,0,0707070707070707,ff
121,121,0,0707070707070707,ff
122,122,0,0707070707070707,ff
123,123,0,0707070707070707,ff
124,124,0,0707070707070707,ff
125,125,0,0707070707070707,ff
126,126,0,0707070707070707,ff
127,127,0,0707070707070707,ff
128,128,0,0707070707070707,ff
129,129,0,0707070707070707,ff
130,130,0,0707070707070707,ff
131,131,0,0707070707070707,ff
132,132,0,0707070707070707,ff
133,133,0,0707070707070707,ff
134,134,0,0707070707070707,ff
135,135,0,0707070707070707,ff
136,136,0,0707070707070707,ff
137,137,0,0707070707070707,ff
138,138,0,0707070707070707,ff
139,139,0,0707070707070707,ff
140,140,0,0707070707070707,ff
141,141,0,0707070707070707,ff
142,142,0,0707070707070707,ff
143,143,0,0707070707070707,ff
144,144,0,0707070707070707,ff
145,145,0,0707070707070707,ff
146,146,0,0707070707070707,ff
147,147,0,0707070707070707,ff
148,148,0,0707070707070707,ff
149,149,0,0707070707070707,ff
150,150,0,0707070707070707,ff
151,151,0,0707070707070707,ff
152,152,0,0707070707070707,ff
153,153,0,0707070707070707,ff
154,154,0,0707070707070707,ff
155,155,0,0707070707070707,ff
156,156,0,0707070707070707,ff
157,157,0,0707070707070707,ff
158,158,0,0707070707070707,ff
159,159,0,0707070707070707,ff
160,160,0,0707070707070707,ff
161,161,0,0707070707070707,ff
162,162,0,0707070707070707,ff
163,163,0,0707070707070707,ff
164,164,0,0707070707070707,ff
165,165,0,0707070707070707,ff
166,166,0,0707070707070707,ff
167,167,0,0707070707070707,ff
168,168,0,0707070707070707,ff
169,169,0,0707070707070707,ff
170,170,0,0707070707070707,ff
171,171,0,0707070707070707,ff
172,172,0,0707070707070707,ff
173,173,0,0707070707070707,ff
174,174,0,0707070707070707,ff
175,175,0,0707070707070707,ff
176,176,0,0707070707070707,ff
177,177,0,0707070707070707,ff
178,178,0,0707070707070707,ff
179,179,0,0707070707070707,ff
180,180,0,0707070707070707,ff
181,181,0,0707070707070707,ff
182,182,0,0707070707070707,ff
183,183,0,0707070707070707,ff
184,184,0,0707070707070707,ff
185,185,0,0707070707070707,ff
186,186,0,0707070707070707,ff
187,187,0,0707070707070707,ff
188,188,0,0707070707070707,ff
189,189,0,0707070707070707,ff
190,190,0,0707070707070707,ff
191,191,0,0707070707070707,ff
192,192,0,0707070707070707,ff
193,193,0,0707070707070707,ff
194,194,0,0707070707070707,ff
195,195,0,0707070707070707,ff
196,196,0,0707070707070707,ff
197,197,0,0707070707070707,ff
198,198,0,0707070707070707,ff
199,199,0,0707070707070707,ff
200,200,0,0707070707070707,ff
201,201,0,0707070707070707,ff
202,202,0,0707070707070707,ff
203,203,0,0707070707070707,ff
204,204,0,0707070707070707,ff
205,205,0,0707070707070707,ff
206,206,0,0707070707070707,ff
207,207,0,0707070707070707,ff
208,208,0,0707070707070707,ff
209,209,0,0707070707070707,ff
210,210,0,0707070707070707,ff
211,211,0,0707070707070707,ff
212,212,0,0707070707070707,ff
213,213,0,0707070707070707,ff
214,214,0,0707070707070707,ff
215,215,0,0707070707070707,ff
216,216,0,0707070707070707,ff
217,217,0,0707070707070707,ff
218,218,0,0707070707070707,ff
219,219,0,0707070707070707,ff
220,220,0,0707070707070707,ff
221,221,0,0707070707070707,ff
222,222,0,0707070707070707,ff
223,223,0,0707070707070707,ff
224,224,0,0707070707070707,ff
225,225,0,0707070707070707,ff
226,226,0,0707070707070707,ff
227,227,0,0707070707070707,ff
228,228,0,0707070707070707,ff
229,229,0,0707070707070707,ff
230,230,0,0707070707070707,ff
231,231,0,0707070707070707,ff
232,232,0,0707070707070707,ff
233,233,0,0707070707070707,ff
234,234,0,0707070707070707,ff
235,235,0,0707070707070707,ff
236,236,0,0707070707070707,ff
237,237,0,0707070707070707,ff
238,238,0,0707070707070707,ff
239,239,0,0707070707070707,ff
240,240,0,0707070707070707,ff
241,241,0,0707070707070707,ff
242,242,0,0707070707070707,ff
243,243,0,0707070707070707,ff
244,244,0,0707070707070707,ff
245,245,0,0707070707070707,ff
246,246,0,0707070707070707,ff
247,247,0,0707070707070707,ff
248,248,0,0707070707070707,ff
249,249,0,0707070707070707,ff
250,250,0,0707070707070707,ff
251,251,0,0707070707070707,ff
252,252,0,0707070707070707,ff
253,253,0,0707070707070707,ff
254,254,0,0707070707070707,ff
255,255,0,0707070707070707,ff
256,256,0,0707070707070707,ff
257,257,0,0707070707070707,ff
258,258,0,0707070707070707,ff
259,259,0,0707070707070707,ff
260,260,0,0707070707070707,ff
261,261,0,0707070707070707,ff
262,262,0,0707070707070707,ff
263,263,0,0707070707070707,ff
264,264,0,0707070707070707,ff
265,265,0,0707070707070707,ff
266,266,0,0707070707070707,ff
267,267,0,0707070707070707,ff
268,268,0,0707070707070707,ff
269,269,0,0707070707070707,ff
270,270,0,0707070707070707,ff
271,271,0,0707070707070707,ff
272,272,0,0707070707070707,ff
273,273,0,0707070707070707,ff
274,274,0,0707070707070707,ff
275,275,0,0707070707070707,ff
276,276,0,0707070707070707,ff
277,277,0,0707070707070707,ff
278,278,0,0707070707070707,ff
279,279,0,0707070707070707,ff
280,280,0,0707070707070707,ff
281,281,0,0707070707070707,ff
282,282,0,0707070707070707,ff
283,283,0,0707070707070707,ff
284,284,0,0707070707070707,ff
285,285,0,0707070707070707,ff
286,286,0,0707070707070707,ff
287,287,0,0707070707070707,ff
288,288,0,0707070707070707,ff
289,289,0,0707070707070707,ff
290,290,0,0707070707070707,ff
291,291,0,0707070707070707,ff
292,292,0,0707070707070707,ff
293,293,0,0707070707070707,ff
294,294,0,0707070707070707,ff
295,295,0,0707070707070707,ff
296,296,0,0707070707070707,ff
297,297,0,0707070707070707,ff
298,298,0,0707070707070707,ff
299,299,0,0707070707070707,ff
300,300,0,0707070707070707,ff
301,301,0,0707070707070707,ff
302,302,0,0707070707070707,ff
303,303,0,0707070707070707,ff
304,304,0,0707070707070707,ff
305,305,0,0707070707070707,ff
306,306,0,0707070707070707,ff
307,307,0,0707070707070707,ff
308,308,0,0707070707070707,ff
309,309,0,0707070707070707,ff
310,310,0,0707070707070707,ff
311,311,0,0707070707070707,ff
312,312,0,0707070707070707,ff
313,313,0,0707070707070707,ff
314,314,0,0707070707070707,ff
315,315,0,0707070707070707,ff
316,316,0,0707070707070707,ff
317,317,0,0707070707070707,ff
318,318,0,0707070707070707,ff
319,319,0,0707070707070707,ff
320,320,0,0707070707070707,ff
321,321,0,0707070707070707,ff
322,322,0,0707070707070707,ff
323,323,0,0707070707070707,ff
324,324,0,0707070707070707,ff
325,325,0,0707070707070707,ff
326,326,0,0707070707070707,ff
327,327,0,0707070707070707,ff
328,328,0,0707070707070707,ff
329,329,0,0707070707070707,ff
330,330,0,0707070707070707,ff
331,331,0,0707070707070707,ff
332,332,0,0707070707070707,ff
333,333,0,0707070707070707,ff
334,334,0,0707070707070707,ff
335,335,0,0707070707070707,ff
336,336,0,0707070707070707,ff
337,337,0,0707070707070707,ff
338,338,0,0707070707070707,ff
339,339,0,0707070707070707,ff
340,340,0,0707070707070707,ff
341,341,0,0707070707070707,ff
342,342,0,0707070707070707,ff
343,343,0,0707070707070707,ff
344,344,0,0707070707070707,ff
345,345,0,0707070707070707,ff
346,346,0,0707070707070707,ff
347,347,0,0707070707070707,ff
348,348,0,0707070707070707,ff
349,349,0,0707070707070707,ff
350,350,0,0707070707070707,ff
351,351,0,0707070707070707,ff
352,352,0,0707070707070707,ff
353,353,0,0707070707070707,ff
354,354,0,0707070707070707,ff
355,355,0,0707070707070707,ff
356,356,0,0707070707070707,ff
357,357,0,0707070707070707,ff
358,358,0,0707070707070707,ff
359,359,0,0707070707070707,ff
360,360,0,0707070707070707,ff
361,361,0,0707070707070707,ff
362,362,0,0707070707070707,ff
363,363,0,0707070707070707,ff
364,364,0,0707070707070707,ff
365,365,0,0707070707070707,ff
366,366,0,0707070707070707,ff
367,367,0,0707070707070707,ff
368,368,0,0707070707070707,ff
369,369,0,0707070707070707,ff
370,370,0,0707070707070707,ff
371,371,0,0707070707070707,ff
372,372,0,0707070707070707,ff
373,373,0,0707070707070707,ff
374,374,0,0707070707070707,ff
375,375,0,0707070707070707,ff
376,376,0,0707070707070707,ff
377,377,0,0707070707070707,ff
378,378,0,0707070707070707,ff
379,379,0,0707070707070707,ff
380,380,0,0707070707070707,ff
381,381,0,0707070707070707,ff
382,382,0,0707070707070707,ff
383,383,0,0707070707070707,ff
384,384,0,0707070707070707,ff
385,385,0,0707070707070707,ff
386,386,0,0707070707070707,ff
387,387,0,0707070707070707,ff
388,388,0,0707070707070707,ff
389,389,0,0707070707070707,ff
390,390,0,0707070707070707,ff
391,391,0,0707070707070707,ff
392,392,0,0707070707070707,ff
393,393,0,0707070707070707,ff
394,394,0,0707070707070707,ff
395,395,0,0707070707070707,ff
396,396,0,0707070707070707,ff
397,397,0,0707070707070707,ff
398,398,0,0707070707070707,ff
399,399,0,0707070707070707,ff
400,400,0,0707070707070707,ff
401,401,0,0707070707070707,ff
402,402,0,0707070707070707,ff
403,403,0,0707070707070707,ff
404,404,0,0707070707070707,ff
405,405,0,0707070707070707,ff
406,406,0,0707070707070707,ff
407,407,0,0707070707070707,ff
408,408,0,0707070707070707,ff
409,409,0,0707070707070707,ff
410,410,0,0707070707070707,ff
411,411,0,0707070707070707,ff
412,412,0,0707070707070707,ff
413,413,0,0707070707070707,ff
414,414,0,0707070707070707,ff
415,415,0,0707070707070707,ff
416,416,0,0707070707070707,ff
417,417,0,0707070707070707,ff
418,418,0,0707070707070707,ff
419,419,0,0707070707070707,ff
420,420,0,0707070707070707,ff
421,421,0,0707070707070707,ff
422,422,0,0707070707070707,ff
423,423,0,0707070707070707,ff
424,424,0,0707070707070707,ff
425,425,0,0707070707070707,ff
426,426,0,0707070707070707,ff
427,427,0,0707070707070707,ff
428,428,0,0707070707070707,ff
429,429,0,0707070707070707,ff
430,430,0,0707070707070707,ff
431,431,0,0707070707070707,ff
432,432,0,0707070707070707,ff
433,433,0,0707070707070707,ff
434,434,0,0707070707070707,ff
435,435,0,0707070707070707,ff
436,436,0,0707070707070707,ff
437,437,0,0707070707070707,ff
438,438,0,0707070707070707,ff
439,439,0,0707070707070707,ff
440,440,0,0707070707070707,ff
441,441,0,0707070707070707,ff
442,442,0,0707070707070707,ff
443,443,0,0707070707070707,ff
444,444,0,0707070707070707,ff
445,445,0,0707070707070707,ff
446,446,0,0707070707070707,ff
447,447,0,0707070707070707,ff
448,448,0,0707070707070707,ff
449,449,0,0707070707070707,ff
450,450,0,0707070707070707,ff
451,451,0,0707070707070707,ff
452,452,0,0707070707070707,ff
453,453,0,0707070707070707,ff
454,454,0,0707070707070707,ff
455,455,0,0707070707070707,ff
456,456,0,0707070707070707,ff
457,457,0,0707070707070707,ff
458,458,0,0707070707070707,ff
459,459,0,0707070707070707,ff
460,460,0,0707070707070707,ff
461,461,0,0707070707070707,ff
462,462,0,0707070707070707,ff
463,463,0,0707070707070707,ff
464,464,0,0707070707070707,ff
465,465,0,0707070707070707,ff
466,466,0,0707070707070707,ff
467,467,0,0707070707070707,ff
468,468,0,0707070707070707,ff
469,469,0,0707070707070707,ff
470,470,0,0707070707070707,ff
471,471,0,0707070707070707,ff
472,472,0,0707070707070707,ff
473,473,0,0707070707070707,ff
474,474,0,0707070707070707,ff
475,475,0,0707070707070707,ff
476,476,0,0707070707070707,ff
477,477,0,0707070707070707,ff
478,478,0,0707070707070707,ff
479,479,0,0707070707070707,ff
480,480,0,0707070707070707,ff
481,481,0,0707070707070707,ff
482,482,0,0707070707070707,ff
483,483,0,0707070707070707,ff
484,484,0,0707070707070707,ff
485,485,0,0707070707070707,ff
486,486,0,0707070707070707,ff
487,487,0,0707070707070707,ff
488,488,0,0707070707070707,ff
489,489,0,0707070707070707,ff
490,490,0,0707070707070707,ff
491,491,0,0707070707070707,ff
492,492,0,0707070707070707,ff
493,493,0,0707070707070707,ff
494,494,0,0707070707070707,ff
495,495,0,0707070707070707,ff
496,496,0,0707070707070707,ff
497,497,0,0707070707070707,ff
498,498,0,0707070707070707,ff
499,499,0,0707070707070707,ff
500,500,0,0707070707070707,ff
501,501,0,0707070707070707,ff
502,502,0,0707070707070707,ff
503,503,0,0707070707070707,ff
504,504,0,0707070707070707,ff
505,505,0,0707070707070707,ff
506,506,0,0707070707070707,ff
507,507,0,0707070707070707,ff
508,508,0,0707070707070707,ff
509,509,0,0707070707070707,ff
510,510,0,0707070707070707,ff
511,511,0,0707070707070707,ff
512,512,1,0707070707070707,ff
513,513,0,0707070707070707,ff
514,514,0,0707070707070707,ff
515,515,0,0707070707070707,ff
516,516,0,0707070707070707,ff
517,517,0,0707070707070707,ff
518,518,0,0707070707070707,ff
519,519,0,0707070707070707,ff
520,520,0,0707070707070707,ff
521,521,0,0707070707070707,ff
522,522,0,0707070707070707,ff
523,523,0,0707070707070707,ff
524,524,0,0707070707070707,ff
525,525,0,0707070707070707,ff
526,526,0,0707070707070707,ff
527,527,0,0707070707070707,ff
528,528,0,0707070707070707,ff
529,529,0,0707070707070707,ff
530,530,0,0707070707070707,ff
531,531,0,0707070707070707,ff
532,532,0,0707070707070707,ff
533,533,0,0707070707070707,ff
534,534,0,0707070707070707,ff
535,535,0,0707070707070707,ff
536,536,0,0707070707070707,ff
537,537,0,0707070707070707,ff
538,538,0,0707070707070707,ff
539,539,0,0707070707070707,ff
540,540,0,0707070707070707,ff
541,541,0,0707070707070707,ff
542,542,0,0707070707070707,ff
543,543,0,0707070707070707,ff
544,544,0,0707070707070707,ff
545,545,0,0707070707070707,ff
546,546,0,0707070707070707,ff
547,547,0,0707070707070707,ff
548,548,0,0707070707070707,ff
549,549,0,0707070707070707,ff
550,550,0,0707070707070707,ff
551,551,0,0707070707070707,ff
552,552,0,0707070707070707,ff
553,553,0,0707070707070707,ff
554,554,0,0707070707070707,ff
555,555,0,0707070707070707,ff
556,556,0,0707070707070707,ff
557,557,0,0707070707070707,ff
558,558,0,0707070707070707,ff
559,559,0,0707070707070707,ff
560,560,0,0707070707070707,ff
561,561,0,0707070707070707,ff
562,562,0,0707070707070707,ff
563,563,0,0707070707070707,ff
564,564,0,0707070707070707,ff
565,565,0,0707070707070707,ff
566,566,0,0707070707070707,ff
567,567,0,0707070707070707,ff
568,568,0,0707070707070707,ff
569,569,0,0707070707070707,ff
570,570,0,0707070707070707,ff
571,571,0,0707070707070707,ff
572,572,0,0707070707070707,ff
573,573,0,0707070707070707,ff
574,574,0,0707070707070707,ff
575,575,0,0707070707070707,ff
576,576,0,0707070707070707,ff
577,577,0,0707070707070707,ff
578,578,0,0707070707070707,ff
579,579,0,0707070707070707,ff
580,580,0,0707070707070707,ff
581,581,0,0707070707070707,ff
582,582,0,0707070707070707,ff
583,583,0,0707070707070707,ff
584,584,0,0707070707070707,ff
585,585,0,0707070707070707,ff
586,586,0,0707070707070707,ff
587,587,0,0707070707070707,ff
588,588,0,0707070707070707,ff
589,589,0,0707070707070707,ff
590,590,0,0707070707070707,ff
591,591,0,0707070707070707,ff
592,592,0,0707070707070707,ff
593,593,0,0707070707070707,ff
594,594,0,0707070707070707,ff
595,595,0,0707070707070707,ff
596,596,0,0707070707070707,ff
597,597,0,0707070707070707,ff
598,598,0,0707070707070707,ff
599,599,0,0707070707070707,ff
600,600,0,0707070707070707,ff
601,601,0,0707070707070707,ff
602,602,0,0707070707070707,ff
603,603,0,0707070707070707,ff
604,604,0,0707070707070707,ff
605,605,0,0707070707070707,ff
606,606,0,0707070707070707,ff
607,607,0,0707070707070707,ff
608,608,0,0707070707070707,ff
609,609,0,0707070707070707,ff
610,610,0,0707070707070707,ff
611,611,0,0707070707070707,ff
612,612,0,0707070707070707,ff
613,613,0,0707070707070707,ff
614,614,0,0707070707070707,ff
615,615,0,0707070707070707,ff
616,616,0,0707070707070707,ff
617,617,0,0707070707070707,ff
618,618,0,0707070707070707,ff
619,619,0,0707070707070707,ff
620,620,0,0707070707070707,ff
621,621,0,0707070707070707,ff
622,622,0,0707070707070707,ff
623,623,0,0707070707070707,ff
624,624,0,0707070707070707,ff
625,625,0,0707070707070707,ff
626,626,0,0707070707070707,ff
627,627,0,0707070707070707,ff
628,628,0,0707070707070707,ff
629,629,0,0707070707070707,ff
630,630,0,0707070707070707,ff
631,631,0,0707070707070707,ff
632,632,0,0707070707070707,ff
633,633,0,0707070707070707,ff
634,634,0,0707070707070707,ff
635,635,0,0707070707070707,ff
636,636,0,0707070707070707,ff
637,637,0,0707070707070707,ff
638,638,0,0707070707070707,ff
639,639,0,0707070707070707,ff
640,640,0,0707070707070707,ff
641,641,0,0707070707070707,ff
642,642,0,0707070707070707,ff
643,643,0,0707070707070707,ff
644,644,0,0707070707070707,ff
645,645,0,0707070707070707,ff
646,646,0,0707070707070707,ff
647,647,0,0707070707070707,ff
648,648,0,0707070707070707,ff
649,649,0,0707070707070707,ff
650,650,0,0707070707070707,ff
651,651,0,0707070707070707,ff
652,652,0,0707070707070707,ff
653,653,0,0707070707070707,ff
654,654,0,0707070707070707,ff
655,655,0,0707070707070707,ff
656,656,0,0707070707070707,ff
657,657,0,0707070707070707,ff
658,658,0,0707070707070707,ff
659,659,0,0707070707070707,ff
660,660,0,0707070707070707,ff
661,661,0,0707070707070707,ff
662,662,0,0707070707070707,ff
663,663,0,0707070707070707,ff
664,664,0,0707070707070707,ff
665,665,0,0707070707070707,ff
666,666,0,0707070707070707,ff
667,667,0,0707070707070707,ff
668,668,0,0707070707070707,ff
669,669,0,0707070707070707,ff
670,670,0,0707070707070707,ff
671,671,0,0707070707070707,ff
672,672,0,0707070707070707,ff
673,673,0,0707070707070707,ff
674,674,0,0707070707070707,ff
675,675,0,0707070707070707,ff
676,676,0,0707070707070707,ff
677,677,0,0707070707070707,ff
678,678,0,0707070707070707,ff
679,679,0,0707070707070707,ff
680,680,0,0707070707070707,ff
681,681,0,0707070707070707,ff
682,682,0,0707070707070707,ff
683,683,0,0707070707070707,ff
684,684,0,0707070707070707,ff
685,685,0,0707070707070707,ff
686,686,0,0707070707070707,ff
687,687,0,0707070707070707,ff
688,688,0,0707070707070707,ff
689,689,0,0707070707070707,ff
690,690,0,0707070707070707,ff
691,691,0,0707070707070707,ff
692,692,0,0707070707070707,ff
693,693,0,0707070707070707,ff
694,694,0,0707070707070707,ff
695,695,0,0707070707070707,ff
696,696,0,0707070707070707,ff
697,697,0,0707070707070707,ff
698,698,0,0707070707070707,ff
699,699,0,0707070707070707,ff
700,700,0,0707070707070707,ff
701,701,0,0707070707070707,ff
702,702,0,0707070707070707,ff
703,703,0,0707070707070707,ff
704,704,0,0707070707070707,ff
705,705,0,0707070707070707,ff
706,706,0,0707070707070707,ff
707,707,0,0707070707070707,ff
708,708,0,0707070707070707,ff
709,709,0,0707070707070707,ff
710,710,0,0707070707070707,ff
711,711,0,0707070707070707,ff
712,712,0,0707070707070707,ff
713,713,0,0707070707070707,ff
714,714,0,0707070707070707,ff
715,715,0,0707070707070707,ff
716,716,0,0707070707070707,ff
717,717,0,0707070707070707,ff
718,718,0,0707070707070707,ff
719,719,0,0707070707070707,ff
720,720,0,0707070707070707,ff
721,721,0,0707070707070707,ff
722,722,0,0707070707070707,ff
723,723,0,0707070707070707,ff
724,724,0,0707070707070707,ff
725,725,0,0707070707070707,ff
726,726,0,0707070707070707,ff
727,727,0,0707070707070707,ff
728,728,0,0707070707070707,ff
729,729,0,0707070707070707,ff
730,730,0,0707070707070707,ff
731,731,0,0707070707070707,ff
732,732,0,0707070707070707,ff
733,733,0,0707070707070707,ff
734,734,0,0707070707070707,ff
735,735,0,0707070707070707,ff
736,736,0,0707070707070707,ff
737,737,0,0707070707070707,ff
738,738,0,0707070707070707,ff
739,739,0,0707070707070707,ff
740,740,0,0707070707070707,ff
741,741,0,0707070707070707,ff
742,742,0,0707070707070707,ff
743,743,0,0707070707070707,ff
744,744,0,0707070707070707,ff
745,745,0,0707070707070707,ff
746,746,0,0707070707070707,ff
747,747,0,0707070707070707,ff
748,748,0,0707070707070707,ff
749,749,0,0707070707070707,ff
750,750,0,0707070707070707,ff
751,751,0,0707070707070707,ff
752,752,0,0707070707070707,ff
753,753,0,0707070707070707,ff
754,754,0,0707070707070707,ff
755,755,0,0707070707070707,ff
756,756,0,0707070707070707,ff
757,757,0,0707070707070707,ff
758,758,0,0707070707070707,ff
759,759,0,0707070707070707,ff
760,760,0,0707070707070707,ff
761,761,0,0707070707070707,ff
762,762,0,0707070707070707,ff
763,763,0,0707070707070707,ff
764,764,0,0707070707070707,ff
765,765,0,0707070707070707,ff
766,766,0,0707070707070707,ff
767,767,0,0707070707070707,ff
768,768,0,0707070707070707,ff
769,769,0,0707070707070707,ff
770,770,0,0707070707070707,ff
771,771,0,0707070707070707,ff
772,772,0,0707070707070707,ff
773,773,0,0707070707070707,ff
774,774,0,0707070707070707,ff
775,775,0,0707070707070707,ff
776,776,0,0707070707070707,ff
777,777,0,0707070707070707,ff
778,778,0,0707070707070707,ff
779,779,0,0707070707070707,ff
780,780,0,0707070707070707,ff
781,781,0,0707070707070707,ff
782,782,0,0707070707070707,ff
783,783,0,0707070707070707,ff
784,784,0,0707070707070707,ff
785,785,0,0707070707070707,ff
786,786,0,0707070707070707,ff
787,787,0,0707070707070707,ff
788,788,0,0707070707070707,ff
789,789,0,0707070707070707,ff
790,790,0,0707070707070707,ff
791,791,0,0707070707070707,ff
792,792,0,0707070707070707,ff
793,793,0,0707070707070707,ff
794,794,0,0707070707070707,ff
795,795,0,0707070707070707,ff
796,796,0,0707070707070707,ff
797,797,0,0707070707070707,ff
798,798,0,0707070707070707,ff
799,799,0,0707070707070707,ff
800,800,0,0707070707070707,ff
801,801,0,0707070707070707,ff
802,802,0,0707070707070707,ff
803,803,0,0707070707070707,ff
804,804,0,0707070707070707,ff
805,805,0,0707070707070707,ff
806,806,0,0707070707070707,ff
807,807,0,0707070707070707,ff
808,808,0,0707070707070707,ff
809,809,0,0707070707070707,ff
810,810,0,0707070707070707,ff
811,811,0,0707070707070707,ff
812,812,0,0707070707070707,ff
813,813,0,0707070707070707,ff
814,814,0,0707070707070707,ff
815,815,0,0707070707070707,ff
816,816,0,0707070707070707,ff
817,817,0,0707070707070707,ff
818,818,0,0707070707070707,ff
819,819,0,0707070707070707,ff
820,820,0,0707070707070707,ff
821,821,0,0707070707070707,ff
822,822,0,0707070707070707,ff
823,823,0,0707070707070707,ff
824,824,0,0707070707070707,ff
825,825,0,0707070707070707,ff
826,826,0,0707070707070707,ff
827,827,0,0707070707070707,ff
828,828,0,0707070707070707,ff
829,829,0,0707070707070707,ff
830,830,0,0707070707070707,ff
831,831,0,0707070707070707,ff
832,832,0,0707070707070707,ff
833,833,0,0707070707070707,ff
834,834,0,0707070707070707,ff
835,835,0,0707070707070707,ff
836,836,0,0707070707070707,ff
837,837,0,0707070707070707,ff
838,838,0,0707070707070707,ff
839,839,0,0707070707070707,ff
840,840,0,0707070707070707,ff
841,841,0,0707070707070707,ff
842,842,0,0707070707070707,ff
843,843,0,0707070707070707,ff
844,844,0,0707070707070707,ff
845,845,0,0707070707070707,ff
846,846,0,0707070707070707,ff
847,847,0,0707070707070707,ff
848,848,0,0707070707070707,ff
849,849,0,0707070707070707,ff
850,850,0,0707070707070707,ff
851,851,0,0707070707070707,ff
852,852,0,0707070707070707,ff
853,853,0,0707070707070707,ff
854,854,0,0707070707070707,ff
855,855,0,0707070707070707,ff
856,856,0,0707070707070707,ff
857,857,0,0707070707070707,ff
858,858,0,0707070707070707,ff
859,859,0,0707070707070707,ff
860,860,0,0707070707070707,ff
861,861,0,0707070707070707,ff
862,862,0,0707070707070707,ff
863,863,0,0707070707070707,ff
864,864,0,0707070707070707,ff
865,865,0,0707070707070707,ff
866,866,0,0707070707070707,ff
867,867,0,0707070707070707,ff
868,868,0,0707070707070707,ff
869,869,0,0707070707070707,ff
870,870,0,0707070707070707,ff
871,871,0,0707070707070707,ff
872,872,0,0707070707070707,ff
873,873,0,0707070707070707,ff
874,874,0,0707070707070707,ff
875,875,0,0707070707070707,ff
876,876,0,0707070707070707,ff
877,877,0,0707070707070707,ff
878,878,0,0707070707070707,ff
879,879,0,0707070707070707,ff
880,880,0,0707070707070707,ff
881,881,0,0707070707070707,ff
882,882,0,0707070707070707,ff
883,883,0,0707070707070707,ff
884,884,0,0707070707070707,ff
885,885,0,0707070707070707,ff
886,886,0,0707070707070707,ff
887,887,0,0707070707070707,ff
888,888,0,0707070707070707,ff
889,889,0,0707070707070707,ff
890,890,0,0707070707070707,ff
891,891,0,0707070707070707,ff
892,892,0,0707070707070707,ff
893,893,0,0707070707070707,ff
894,894,0,0707070707070707,ff
895,895,0,0707070707070707,ff
896,896,0,0707070707070707,ff
897,897,0,0707070707070707,ff
898,898,0,0707070707070707,ff
899,899,0,0707070707070707,ff
900,900,0,0707070707070707,ff
901,901,0,0707070707070707,ff
902,902,0,0707070707070707,ff
903,903,0,0707070707070707,ff
904,904,0,0707070707070707,ff
905,905,0,0707070707070707,ff
906,906,0,0707070707070707,ff
907,907,0,0707070707070707,ff
908,908,0,0707070707070707,ff
909,909,0,0707070707070707,ff
910,910,0,0707070707070707,ff
911,911,0,0707070707070707,ff
912,912,0,0707070707070707,ff
913,913,0,0707070707070707,ff
914,914,0,0707070707070707,ff
915,915,0,0707070707070707,ff
916,916,0,0707070707070707,ff
917,917,0,0707070707070707,ff
918,918,0,0707070707070707,ff
919,919,0,0707070707070707,ff
920,920,0,0707070707070707,ff
921,921,0,0707070707070707,ff
922,922,0,0707070707070707,ff
923,923,0,0707070707070707,ff
924,924,0,0707070707070707,ff
925,925,0,0707070707070707,ff
926,926,0,0707070707070707,ff
927,927,0,0707070707070707,ff
928,928,0,0707070707070707,ff
929,929,0,0707070707070707,ff
930,930,0,0707070707070707,ff
931,931,0,0707070707070707,ff
932,932,0,0707070707070707,ff
933,933,0,0707070707070707,ff
934,934,0,0707070707070707,ff
935,935,0,0707070707070707,ff
936,936,0,0707070707070707,ff
937,937,0,0707070707070707,ff
938,938,0,0707070707070707,ff
939,939,0,0707070707070707,ff
940,940,0,0707070707070707,ff
941,941,0,0707070707070707,ff
942,942,0,0707070707070707,ff
943,943,0,0707070707070707,ff
944,944,0,0707070707070707,ff
945,945,0,0707070707070707,ff
946,946,0,0707070707070707,ff
947,947,0,0707070707070707,ff
948,948,0,0707070707070707,ff
949,949,0,0707070707070707,ff
950,950,0,0707070707070707,ff
951,951,0,0707070707070707,ff
952,952,0,0707070707070707,ff
953,953,0,0707070707070707,ff
954,954,0,0707070707070707,ff
955,955,0,0707070707070707,ff
956,956,0,0707070707070707,ff
957,957,0,0707070707070707,ff
958,958,0,0707070707070707,ff
959,959,0,0707070707070707,ff
960,960,0,0707070707070707,ff
961,961,0,0707070707070707,ff
962,962,0,0707070707070707,ff
963,963,0,0707070707070707,ff
964,964,0,0707070707070707,ff
965,965,0,0707070707070707,ff
966,966,0,0707070707070707,ff
967,967,0,0707070707070707,ff
968,968,0,0707070707070707,ff
969,969,0,0707070707070707,ff
970,970,0,0707070707070707,ff
971,971,0,0707070707070707,ff
972,972,0,0707070707070707,ff
973,973,0,0707070707070707,ff
974,974,0,0707070707070707,ff
975,975,0,0707070707070707,ff
976,976,0,0707070707070707,ff
977,977,0,0707070707070707,ff
978,978,0,0707070707070707,ff
979,979,0,0707070707070707,ff
980,980,0,0707070707070707,ff
981,981,0,0707070707070707,ff
982,982,0,0707070707070707,ff
983,983,0,0707070707070707,ff
984,984,0,0707070707070707,ff
985,985,0,0707070707070707,ff
986,986,0,0707070707070707,ff
987,987,0,0707070707070707,ff
988,988,0,0707070707070707,ff
989,989,0,0707070707070707,ff
990,990,0,0707070707070707,ff
991,991,0,0707070707070707,ff
992,992,0,0707070707070707,ff
993,993,0,0707070707070707,ff
994,994,0,0707070707070707,ff
995,995,0,0707070707070707,ff
996,996,0,0707070707070707,ff
997,997,0,0707070707070707,ff
998,998,0,0707070707070707,ff
999,999,0,0707070707070707,ff
1000,1000,0,0707070707070707,ff
1001,1001,0,0707070707070707,ff
1002,1002,0,0707070707070707,ff
1003,1003,0,0707070707070707,ff
1004,1004,0,0707070707070707,ff
1005,1005,0,0707070707070707,ff
1006,1006,0,0707070707070707,ff
1007,1007,0,0707070707070707,ff
1008,1008,0,0707070707070707,ff
1009,1009,0,0707070707070707,ff
1010,1010,0,0707070707070707,ff
1011,1011,0,0707070707070707,ff
1012,1012,0,0707070707070707,ff
1013,1013,0,0707070707070707,ff
1014,1014,0,0707070707070707,ff
1015,1015,0,0707070707070707,ff
1016,1016,0,0707070707070707,ff
1017,1017,0,0707070707070707,ff
1018,1018,0,0707070707070707,ff
1019,1019,0,0707070707070707,ff
1020,1020,0,0707070707070707,ff
1021,1021,0,0707070707070707,ff
1022,1022,0,0707070707070707,ff
1023,1023,0,0707070707070707,ff
